<EmployeeData>
    <row id=1>
        <name>John</name>
		<Department>Development</Department>
        <joindate>2003-02-11</joindate>
		<salary>30000</salary>
    </row>
    <row id=2>
        <name>Jane</name>
		<Department>Development</Department>
        <joindate>2004-02-21</joindate>
		<salary>11000</salary>
    </row>
    <row id=3>
        <name>Jack</name>
		<Department>Development</Department>
        <joindate>2005-03-01</joindate>
		<salary>15000</salary>
    </row>
    <row id=4>
        <name>Jill</name>
		<Department>Development</Department>
        <joindate>2001-05-01</joindate>
		<salary>13000</salary>
    </row>
    <row id=5>
        <name>Rambo</name>
		<Department>Development</Department>
        <joindate>2002-07-01</joindate>
		<salary>14000</salary>
    </row>
</EmployeeData>